<addon id="repository.hmb.xbmc-plugins" name="HMB Repository" version="1.1.0" provider-name="HMB">
	<extension point="xbmc.addon.repository" name="HMB Repository">
		<info compressed="false">https://raw.github.com/HMSB/repository.hmb.xbmc.addons/master/addons.xml</info>
		<checksum>https://raw.github.com/HMSB/repository.hmb.xbmc.addons/master/addons.xml.md5</checksum>
		<datadir zip="true">http://hmsb.github.io/repository.hmb.xbmc.addons/</datadir>
	</extension>
	<extension point="xbmc.addon.metadata">
        <summary lang="en">Repository HMB</summary>
		<description lang="en">HMB Repository for XBMC</description>
		<disclaimer></disclaimer>
		<platform>all</platform>
	</extension>
</addon>
