<?xml version="1.0" encoding="UTF-8"?>
<addon id="skin.xperience1080.ara" version="2.1.1.1" name="Xperience1080 Arabic" provider-name="`Black">
	<requires>
		<import addon="xbmc.gui" version="4.0.0" />
		<import addon="service.skin.widgets" version="0.0.25" />
		<import addon="script.artwork.downloader" version="12.0.15" />
		<import addon="script.tv.show.next.aired" version="5.0.7" />
		<import addon="script.tvtunes" version="3.0.6" />
		<import addon="script.globalsearch" version="1.1.1" />
		<import addon="script.favourites" version="4.0.9" />
		<import addon="script.artistslideshow" version="1.5.0" />
		<import addon="script.videolanguage" version="0.1.0" />
		<import addon="script.randomandlastitems" version="2.1.2" />
	</requires>
	<extension point="xbmc.gui.skin" defaultthemename="Textures.xbt" effectslowdown="1.00" debugging="false">
		<res width="1920" height="1080" aspect="16:9" default="true" folder="1080i" />
	</extension>
	<extension point="xbmc.addon.metadata">
        <summary lang="en">Black's 1080p mod of the Xperience skin</summary>
        <summary lang="ar">اضافة الدعم العربي</summary>
        <description lang="en">Xperience1080 started as a pure 1080p mod of the Xperience skin by Team Blackbolt. In the meantime the skin changed fundamentally so it now hasn't much in common with the original Xperience skin. Xperience1080 delivers you a skin with focus on graphical quality, smooth animations and very well integrated functions/add-ons.</description>
        <disclaimer lang="en">Compatible with XBMC 12.x "Frodo" only.</disclaimer>
        <platform>all</platform>
        <license>Creative Commons Attribution-Noncommercial-Share Alike 3.0</license>
        <forum>http://forum.xbmc.org/showthread.php?tid=146690</forum>
        <source>https://github.com/Black09/Xperience1080</source>
        <email>xperience1080 at iCloud dot com</email>
	</extension>
</addon>
