<?xml version="1.0" encoding="UTF-8"?>
<addon id="plugin.video.okanime" name="okanime" version="0.6.0" provider-name="HMB">
    <requires>
        <import addon="xbmc.python" version="2.1.0"/>
    </requires>
    <extension point="xbmc.python.pluginsource" library="default.py">
        <provides>video</provides>
    </extension>
    <extension point="xbmc.addon.metadata">
        <platform>all</platform>
        <summary lang="en">Watch okanime OTT</summary>
        <language>en</language>
        <description lang="en">Watch okanime OTT</description>
        <website>http://okanime.com</website>
    </extension>
</addon>
