<?xml version="1.0" encoding="UTF-8"?>
<addon id="plugin.video.arabsciences" name="arabsciences" version="0.7.0" provider-name="HMB">
    <requires>
        <import addon="xbmc.python" version="2.1.0"/>
    </requires>
    <extension point="xbmc.python.pluginsource" library="default.py">
        <provides>video</provides>
    </extension>
    <extension point="xbmc.addon.metadata">
        <platform>all</platform>
        <summary lang="en">Watch arabsciences</summary>
        <language>en</language>
        <description lang="en">Watch arabsciences</description>
        <website>http://www.arabsciences.com/</website>
    </extension>
</addon>
