<window>
    <defaultcontrol>10</defaultcontrol>
    <controls>
        <control type="group">
            <animation type="WindowOpen" condition="Window.IsVisible(3004) | Window.IsVisible(selectdialog) | Window.IsVisible(addonsettings) | Window.IsVisible(pvrchannelmanager)" reversible="false">
                <effect type="fade" start="0" end="100" time="0" delay="300" />
            </animation> 
            <control type="group">
                <animation type="WindowOpen" reversible="false">
                    <effect type="zoom" start="75" end="100" center="960,540" easing="out" tween="back" time="300" />
                    <effect type="fade" start="0" end="100" time="175" />
                </animation>
                <animation type="WindowClose" reversible="false">
                    <effect type="zoom" start="100" end="75" center="960,540" easing="in" tween="back" time="300" />
                    <effect type="fade" start="100" end="0" delay="200" time="100" />
                </animation>
                <animation type="Visible" reversible="false">
                    <effect type="zoom" start="75" end="100" center="960,540" easing="out" tween="back" time="300" />
                    <effect type="fade" start="0" end="100" time="175" />
                </animation>
                <animation type="Hidden" reversible="false">
                    <effect type="zoom" start="100" end="75" center="960,540" easing="in" tween="back" time="300" />
                    <effect type="fade" start="100" end="0" delay="200" time="100" />
                </animation>
                <visible>!Window.IsVisible(virtualkeyboard) + !Window.IsVisible(selectdialog) + !Window.IsVisible(DialogSelect.xml) + !Window.IsVisible(yesnodialog) + !Window.IsVisible(okdialog) + IsEmpty(Window(3004).Property(ChooseArt))</visible>
                <control type="image">
                    <posx>602</posx>
                    <posy>345</posy>
                    <width>716</width>
                    <height>390</height>
                    <texture border="39">dialogs/default/bg.png</texture>
                </control>
                <control type="group">
                    <posx>900</posx>
                    <posy>447</posy>
                    <control type="image">
                        <description>background image</description>
                        <width>120</width>
                        <height>120</height>
                        <texture>dialogs/progress/loading-back.png</texture>
                    </control>
                    <control type="image">
                        <description>background image</description>
                        <width>120</width>
                        <height>120</height>
                        <texture>dialogs/progress/loading.png</texture>
                        <animation effect="rotate" center="auto" start="360" end="0" time="1500" loop="true" condition="true">Conditional</animation>
                    </control>
                </control>
                <control type="label" id="1">
                    <description>heading label</description>
                    <posx>650</posx>
                    <posy>381</posy>
                    <width>620</width>
                    <height>34</height>
                    <font>Font-Condensed-S30</font>
                    <textcolor>FF585858</textcolor>
                    <shadowcolor>20FFFFFF</shadowcolor>
                    <align>left</align>
                </control>
                <control type="label" id="2">
                    <posx>650</posx>
                    <posy>600</posy>
                    <width>620</width>
                    <height>32</height>
                    <font>Font-Condensed-S30</font>
                    <textcolor>FF585858</textcolor>
                    <shadowcolor>20FFFFFF</shadowcolor>
                    <align>left</align>
                </control>
                <control type="label" id="3">
                    <posx>650</posx>
                    <posy>635</posy>
                    <width>620</width>
                    <height>32</height>
                    <font>Font-Condensed-S30</font>
                    <textcolor>FF585858</textcolor>
                    <shadowcolor>20FFFFFF</shadowcolor>
                    <align>left</align>
                </control>
                <control type="progress">
                    <description>Progressbar</description>
                    <posx>650</posx>
                    <posy>675</posy>
                    <width>620</width>
                    <height>25</height>
                    <info>System.Progressbar</info>
                    <reveal>true</reveal>
                    <texturebg>dialogs/progress/progress-back.png</texturebg>
                    <lefttexture>dialogs/progress/progress-left.png</lefttexture>
                    <righttexture>dialogs/progress/progress-right.png</righttexture>
                    <midtexture>dialogs/progress/progress-mid.png</midtexture>
                </control>
                <control type="button" id="10">
                    <posx>623</posx>
                    <posy>699</posy>
                    <description>Cancel</description>
                    <label>$LOCALIZE[42001]</label>
                    <texturefocus>buttons/cancel-fo.png</texturefocus>
                    <texturenofocus>buttons/cancel-nf.png</texturenofocus>
                    <include>DialogButtonDimensions</include>
                    <onleft>10</onleft>
                    <onright>10</onright>
                    <onup>10</onup>
                    <ondown>10</ondown>
                    <animation effect="fade" start="100" end="75" time="0" condition="!Control.IsEnabled(10)">Conditional</animation>
                </control>
            </control>
        </control>
    </controls>
</window>