<window>
	<defaultcontrol always="true">5</defaultcontrol>
	<controls>
	    <control type="group">
	        <animation type="WindowOpen" reversible="false">
	            <effect type="fade" start="0" end="100" time="0" delay="550" />
	        </animation>
            <control type="group">
                <include>KeyboardAnimations</include>
                <include>OptionsShutdownAnimation</include>
                <visible>!Window.IsVisible(virtualkeyboard) + !Window.IsVisible(selectdialog)</visible>
                
                <control type="image">
                    <posx>920</posx>
                    <posy>247</posy>
                    <width>80</width>
                    <height>60</height>
                    <texture>dialogs/default/arrow.png</texture>
                </control>
                <control type="image">
                    <posx>445</posx>
                    <posy>267</posy>
                    <width>1030</width>
                    <height>549</height>
                    <texture border="39">dialogs/default/bg.png</texture>
                </control>
                <control type="image">
                	<posx>479</posx>
                	<posy>301</posy>
                	<width>962</width>
                	<height>481</height>
                	<texture border="5">dialogs/default/inner.png</texture>
                </control>
                
                <control type="label" id="2">
                    <description>Heading</description>
                    <posx>473</posx>
                    <posy>219</posy>
                    <width>974</width>
                    <font>Font-Condensed-S34</font>
                    <label>587</label>
                    <textcolor>ddwhite</textcolor>
                    <align>center</align>
                </control>
                
                <control type="grouplist" id="5">
                    <description>control area</description>
                    <posx>479</posx>
                    <posy>301</posy>
                    <width>962</width>
                    <height>480</height>
                    <itemgap>0</itemgap>
                    <pagecontrol>30</pagecontrol>
                    <onleft>8004</onleft>
                    <onright>30</onright>
                    <onup>8004</onup>
                    <ondown>8004</ondown>
                    <scrolltime tween="cubic" easing="out">500</scrolltime>
                </control>
                
                <control type="button" id="7">
                    <description>default</description>
                    <height>60</height>
                    <font>Font-Condensed-S32</font>
                    <textoffsetx>20</textoffsetx>
                    <align>left</align>
                    <textcolor>FF585858</textcolor>
                    <focusedcolor>eewhite</focusedcolor>
                    <disabledcolor>77585858</disabledcolor>
                    <shadowcolor>20FFFFFF</shadowcolor>
                    <texturefocus border="2">dialogs/default/highlight.png</texturefocus>
                    <texturenofocus>dialogs/default/separator-btn.png</texturenofocus>
                </control>
                
                <control type="radiobutton" id="8">
                    <description>radioButton</description>
                    <height>60</height>
                    <align>left</align>
                    <textoffsetx>20</textoffsetx>
                    <radioposx>852</radioposx>
                    <textcolor>FF585858</textcolor>
                    <focusedcolor>eewhite</focusedcolor>
                    <disabledcolor>77585858</disabledcolor>
                    <shadowcolor>20FFFFFF</shadowcolor>
                    <textureradioon>buttons/radio/radio-light-fo.png</textureradioon>
                    <textureradiooff>buttons/radio/radio-light-nf.png</textureradiooff>
                    <texturefocus border="2">dialogs/default/highlight.png</texturefocus>
                    <texturenofocus>dialogs/default/separator-btn.png</texturenofocus>
                </control>
                
                <control type="spincontrolex" id="9">
                    <description>Directory Content</description>
                    <textureup>buttons/spinctrl/arrow-light-up-nf.png</textureup>
                    <texturedown>buttons/spinctrl/arrow-light-down-nf.png</texturedown>
                    <textureupfocus>buttons/spinctrl/arrow-light-up-fo.png</textureupfocus>
                    <texturedownfocus>buttons/spinctrl/arrow-light-down-fo.png</texturedownfocus>
                    <texturefocus border="2">dialogs/default/highlight.png</texturefocus>
                    <texturenofocus>dialogs/default/separator-btn.png</texturenofocus>
                    <textcolor>FF585858</textcolor>
                    <focusedcolor>eewhite</focusedcolor>
                    <disabledcolor>77585858</disabledcolor>
                    <shadowcolor>20FFFFFF</shadowcolor>
                    <textoffsetx>20</textoffsetx>
                    <spinposx>16</spinposx>
                </control>
                
                <control type="sliderex" id="10">
                    <description>Default Slider</description>
                    <posx>0</posx>
                    <posy>0</posy>
                    <height>60</height>
                    <texturefocus border="2">dialogs/default/highlight.png</texturefocus>
                    <texturenofocus>dialogs/default/separator-btn.png</texturenofocus>
                    <sliderwidth>150</sliderwidth>
                    <sliderheight>28</sliderheight>
                    <texturesliderbar>dialogs/mediasource/slider-back.png</texturesliderbar>
                    <textureslidernib>dialogs/mediasource/slider-nib-nf.png</textureslidernib>
                    <textureslidernibfocus>dialogs/mediasource/slider-nib-fo.png</textureslidernibfocus>
                    <textcolor>FF585858</textcolor>
                    <focusedcolor>eewhite</focusedcolor>
                    <disabledcolor>77585858</disabledcolor>
                    <shadowcolor>20FFFFFF</shadowcolor>
                    <textoffsetx>20</textoffsetx>
                    <pulseonselect>false</pulseonselect>
                </control>
                
                <control type="edit" id="12">
                    <description>default</description>
                    <posx>0</posx>
                    <posy>0</posy>
                    <height>60</height>
                    <font>Font-Condensed-S32</font>
                    <textoffsetx>20</textoffsetx>
                    <align>left</align>
                    <textcolor>FF585858</textcolor>
                    <focusedcolor>eewhite</focusedcolor>
                    <disabledcolor>77585858</disabledcolor>
                    <shadowcolor>20FFFFFF</shadowcolor>
                    <texturefocus border="2">dialogs/default/highlight.png</texturefocus>
                    <texturenofocus>dialogs/default/separator-btn.png</texturenofocus>
                </control>
                
                <control type="image" id="31">
                    <animation effect="fade" start="0" end="100" time="0">Visible</animation>
                    <animation effect="fade" start="100" end="0" time="0">Hidden</animation>
                    <visible>Control.HasFocus(30)</visible>
                </control>
                <control type="scrollbar" id="30">
                    <posx>1427</posx>
                    <posy>342</posy>
                    <width>11</width>
                    <height>467</height>
                    <texturesliderbackground>-</texturesliderbackground>
                    <texturesliderbar border="0,6,0,6">dialogs/default/scrollbar.png</texturesliderbar>
                    <texturesliderbarfocus border="0,6,0,6">dialogs/default/scrollbar.png</texturesliderbarfocus>
                    <textureslidernib>-</textureslidernib>
                    <textureslidernibfocus>-</textureslidernibfocus>
                    <onleft>2</onleft>
                    <onright>8004</onright>
                    <showonepage>false</showonepage>
                    <orientation>vertical</orientation>
                    <animation effect="fade" start="75" end="0" time="300" tween="sine" easing="inout" condition="!Control.IsVisible(31)">Conditional</animation>
                </control>
                
                <control type="group" id="8004">
                    <posx>466</posx>
                    <posy>778</posy>
                    <control type="button" id="28">
                        <description>Select</description>
                        <label>$LOCALIZE[42000]</label>
                        <include>DialogButtonDimensions</include>
                        <texturefocus>buttons/select-fo.png</texturefocus>
                        <texturenofocus>buttons/select-nf.png</texturenofocus>
                        <onleft>27</onleft>
                        <onright>27 </onright>
                        <onup>5</onup>
                        <ondown>5</ondown>
                        <animation effect="fade" start="100" end="75" time="0" condition="!Control.IsEnabled(28)">Conditional</animation>
                    </control>
                    <control type="button" id="27">
                        <posx>200</posx>
                        <description>Cancel</description>
                        <label>$LOCALIZE[192]</label>
                        <include>DialogButtonDimensions</include>
                        <texturefocus>buttons/cancel-fo.png</texturefocus>
                        <texturenofocus>buttons/cancel-nf.png</texturenofocus>
                        <onleft>28</onleft>
                        <onright>28</onright>
                        <onup>5</onup>
                        <ondown>5</ondown>
                        <animation effect="fade" start="100" end="75" time="0" condition="!Control.IsEnabled(27)">Conditional</animation>
                    </control>
                </control>
            </control>
        </control>
	</controls>
</window>
