<window>
    <defaultcontrol always="true">3</defaultcontrol>
    <include condition="IsEmpty(Window(3004).Property(ChooseArt))">ZOrder2</include>
    <include condition="!IsEmpty(Window(3004).Property(ChooseArt))">ZOrder0</include>
    <onunload condition="!IsEmpty(Window(selectdialog).Property(Property))">Skin.SetString($INFO[Window(selectdialog).Property(Property),,.Label],$INFO[Window(selectdialog).Property(Label)])</onunload>
    <onunload condition="!IsEmpty(Window(selectdialog).Property(Property))">Skin.SetString($INFO[Window(selectdialog).Property(Property),,.Icon],$INFO[Window(selectdialog).Property(Icon)])</onunload>
    <onunload condition="!IsEmpty(Window(selectdialog).Property(Property))">ClearProperty(Label,selectdialog)</onunload>
    <onunload condition="!IsEmpty(Window(selectdialog).Property(Property))">ClearProperty(Icon,selectdialog)</onunload>
    <onunload condition="!IsEmpty(Window(selectdialog).Property(Property))">ClearProperty(Property,selectdialog)</onunload>
    <onunload condition="!IsEmpty(Window(Home).Property(metadata.actors))">ClearProperty(metadata.actors,home)</onunload>
    <onunload condition="!IsEmpty(Window(3004).Property(ChooseArt)) + !IsEmpty(Window(3004).Property(ChooseArtType))">SetProperty(ChooseArt,$INFO[Window(3004).Property(ChooseArtType)],3004)</onunload>
    <onunload condition="!IsEmpty(Window(3004).Property(ChooseArt)) + !IsEmpty(Window(3004).Property(ChooseArtType))">ClearProperty(ChooseArtType,3004)</onunload>
    <onunload condition="!IsEmpty(Window(3004).Property(ChooseArt)) + Container.Content(musicvideos) + !Window.Next(filebrowser)">ClearProperty(ChooseArt,3004)</onunload>
    <controls>
        <control type="group">
            <animation type="WindowOpen" condition="IsEmpty(Window(Home).Property(metadata.actors)) + [Window.IsVisible(progressdialog) | Window.IsVisible(smartplaylistrule) | Window.IsVisible(3003) | Window.IsVisible(3004) | Window.IsVisible(mediafilter) | Window.IsVisible(addonsettings) | Window.IsVisible(script-XBMC-Subtitles-main.xml)]" reversible="false">
                <effect type="fade" start="0" end="100" time="0" delay="300" />
            </animation>
            <animation type="WindowOpen" condition="Window.IsVisible(contextmenu) | !IsEmpty(Window(Home).Property(metadata.actors))" reversible="false">
                <effect type="fade" start="0" end="100" time="0" delay="550" />
            </animation>
            <include condition="IsEmpty(Window(3004).Property(ChooseArt)) + !Window.IsActive(fullscreenvideo) + !Window.IsActive(visualisation)">DialogSelect</include>
            <include condition="IsEmpty(Window(3004).Property(ChooseArt)) + [Window.IsActive(fullscreenvideo) | Window.IsActive(visualisation)]">DialogSelectOSD</include>
        </control>
        <include condition="!IsEmpty(Window(3004).Property(ChooseArt))">DialogSelectArt</include>
    </controls>
</window>