<window id="603">
	<defaultcontrol>29</defaultcontrol>
	<controls>
    	<control type="group">
    	    <include>KeyboardAnimations</include>
    	    <visible>!Window.IsVisible(virtualkeyboard) + !Window.IsVisible(numericinput)</visible>
    	    
    	    <control type="image">
    	        <posx>920</posx>
    	        <posy>156</posy>
    	        <width>80</width>
    	        <height>60</height>
    	        <texture>dialogs/default/arrow.png</texture>
    	    </control>
    	    <control type="image">
    	        <posx>626</posx>
    	        <posy>176</posy>
    	        <width>668</width>
    	        <height>728</height>
    	        <texture border="39">dialogs/default/bg.png</texture>
    	    </control>
    	                
    	    <control type="label" id="2">
    	        <description>Heading</description>
    	        <posx>660</posx>
    	        <posy>128</posy>
    	        <width>600</width>
    	        <font>Font-Condensed-S34</font>
    	        <textcolor>ddwhite</textcolor>
    	        <align>center</align>
    	    </control>
    	    
    	    <control type="image">
    	    	<posx>660</posx>
    	    	<posy>210</posy>
    	    	<width>600</width>
    	    	<height>661</height>
    	    	<texture border="5">dialogs/default/inner.png</texture>
    	    </control>

    	    <control type="grouplist" id="5">
    	    	<description>control area</description>
    	    	<posx>660</posx>
    	    	<posy>210</posy>
    	    	<width>600</width>
    	    	<height>660</height>
    	    	<itemgap>0</itemgap>
    	    	<onup>8000</onup>
    	    	<ondown>8000</ondown>
    	    	<onleft>8000</onleft>
    	    	<onright>8000</onright>
    	    </control>
    	    
    	    <control type="button" id="7">
                <height>60</height>
                <font>Font-Condensed-S32</font>
                <textoffsetx>20</textoffsetx>
                <align>left</align>
                <textcolor>FF585858</textcolor>
                <focusedcolor>eewhite</focusedcolor>
                <disabledcolor>77585858</disabledcolor>
                <shadowcolor>20FFFFFF</shadowcolor>
                <texturefocus border="2">dialogs/default/highlight.png</texturefocus>
                <texturenofocus>dialogs/default/separator-btn.png</texturenofocus>
            </control>
            
            <control type="radiobutton" id="8">
                <height>60</height>
                <align>left</align>
                <textoffsetx>20</textoffsetx>
                <textwidth>484</textwidth>
                <radioposx>492</radioposx>
                <textcolor>FF585858</textcolor>
                <focusedcolor>eewhite</focusedcolor>
                <disabledcolor>77585858</disabledcolor>
                <shadowcolor>20FFFFFF</shadowcolor>
                <textureradioon>buttons/radio/radio-light-fo.png</textureradioon>
                <textureradiooff>buttons/radio/radio-light-nf.png</textureradiooff>
                <texturefocus border="2">dialogs/default/highlight.png</texturefocus>
                <texturenofocus>dialogs/default/separator-btn.png</texturenofocus>
            </control>
            
            <control type="spincontrolex" id="9">
                <textureup>buttons/spinctrl/arrow-light-up-nf.png</textureup>
                <texturedown>buttons/spinctrl/arrow-light-down-nf.png</texturedown>
                <textureupfocus>buttons/spinctrl/arrow-light-up-fo.png</textureupfocus>
                <texturedownfocus>buttons/spinctrl/arrow-light-down-fo.png</texturedownfocus>
                <texturefocus border="2">dialogs/default/highlight.png</texturefocus>
                <texturenofocus>dialogs/default/separator-btn.png</texturenofocus>
                <textcolor>FF585858</textcolor>
                <focusedcolor>eewhite</focusedcolor>
                <disabledcolor>77585858</disabledcolor>
                <shadowcolor>20FFFFFF</shadowcolor>
                <textoffsetx>20</textoffsetx>
                <spinposx>16</spinposx>
            </control>
            
            <control type="sliderex" id="10">
                <posx>0</posx>
                <posy>0</posy>
                <height>60</height>
                <texturefocus border="2">dialogs/default/highlight.png</texturefocus>
                <texturenofocus>dialogs/default/separator-btn.png</texturenofocus>
                <sliderwidth>150</sliderwidth>
                <sliderheight>28</sliderheight>
                <texturesliderbar>dialogs/mediasource/slider-back.png</texturesliderbar>
                <textureslidernib>dialogs/mediasource/slider-nib-nf.png</textureslidernib>
                <textureslidernibfocus>dialogs/mediasource/slider-nib-fo.png</textureslidernibfocus>
                <textcolor>FF585858</textcolor>
                <focusedcolor>eewhite</focusedcolor>
                <disabledcolor>77585858</disabledcolor>
                <shadowcolor>20FFFFFF</shadowcolor>
                <textoffsetx>20</textoffsetx>
                <pulseonselect>false</pulseonselect>
            </control>
    
            <control type="label" id="7">
                <height>60</height>
                <align>left</align>
                <aligny>top</aligny>
                <font>Font-Condensed-S30-B</font>
                <textoffsetx>20</textoffsetx>
                <textoffsety>14</textoffsety>
                <textcolor>AA585858</textcolor>
                <shadowcolor>20FFFFFF</shadowcolor>
            </control>
            
            <control type="image" id="11">
                <width>300</width>
                <height>1</height>
                <visible>false</visible>
            </control>
            
            <control type="edit" id="12">
                <height>60</height>
                <align>left</align>
                <aligny>center</aligny>
                <textoffsetx>20</textoffsetx>
                <textcolor>FF585858</textcolor>
                <focusedcolor>eewhite</focusedcolor>
                <disabledcolor>FF585858</disabledcolor>
                <shadowcolor>20FFFFFF</shadowcolor>
                <font>Font-Condensed-S32</font>
                <pulseonselect>false</pulseonselect>
                <texturefocus border="2">dialogs/default/highlight.png</texturefocus>
                <texturenofocus>dialogs/default/separator-btn.png</texturenofocus>
            </control>
    	    
    	    <control type="group" id="8000">
    	        <posx>651</posx>
    	        <posy>868</posy>
    	        <control type="button" id="28">
    	            <description>Select</description>
    	            <texturefocus>buttons/select-fo.png</texturefocus>
    	            <texturenofocus>buttons/select-nf.png</texturenofocus>
    	            <include>DialogButtonDimensions</include>
    	            <label>$LOCALIZE[42000]</label>
    	            <onleft>29</onleft>
    	            <onright>29</onright>
    	            <onup>5</onup>
    	            <ondown>5</ondown>
    	        </control>
    	        <control type="button" id="29">
    	            <posx>200</posx>
    	            <description>Close</description>
    	            <label>$LOCALIZE[42001]</label>
    	            <texturefocus>buttons/cancel-fo.png</texturefocus>
    	            <texturenofocus>buttons/cancel-nf.png</texturenofocus>
    	            <include>DialogButtonDimensions</include>
    	            <onleft>28</onleft>
    	            <onright>28</onright>
    	            <onup>5</onup>
    	            <ondown>5</ondown>
    	        </control>
    	    </control>
    	    
    	</control>
	</controls>
</window>