<window>
    <defaultcontrol always="true">450</defaultcontrol>
    <include condition="IsEmpty(Window(3004).Property(ChooseArt))">ZOrder3</include>
    <include condition="!IsEmpty(Window(3004).Property(ChooseArt))">ZOrder0</include>
    <onload condition="Window.IsActive(networksetup)">SetProperty(ShowDialog,1,Home)</onload>
    <onload condition="Window.IsActive(networksetup)">SetProperty(ShowDialog,1)</onload>
    <onunload>ClearProperty(ShowDialog,home)</onunload>
    <onunload condition="!IsEmpty(Window(3004).Property(ChooseArt))">ClearProperty(ChooseArt,3004)</onunload>
    <controls>
        <include condition="IsEmpty(Window(3004).Property(ChooseArt))">FileBrowserDefault</include>
        <include condition="!IsEmpty(Window(3004).Property(ChooseArt))">FileBrowserArt</include>
    </controls>
</window>