<includes>
    <include name="Key">
        <height>90</height>
        <align>center</align>
        <aligny>top</aligny>
        <textoffsety>23</textoffsety>
        <font>Font-Condensed-S32</font>
        <texturefocus border="20">dialogs/keyboard/key-fo.png</texturefocus>
        <texturenofocus border="20">dialogs/keyboard/key-nf.png</texturenofocus>
        <textcolor>KeyboardGrey</textcolor>
        <focusedcolor>eewhite</focusedcolor>
        <selectedcolor>eewhite</selectedcolor>
    </include>
    <include name="SmallKey">
        <width>90</width>
        <include>Key</include>
    </include>
    <include name="BigKey">
        <width>199</width>
        <include>Key</include>
    </include>
    <include name="SpaceBar">
        <width>495</width>
        <include>Key</include>
    </include>
    <include name="BackSpace">
        <width>333</width>
        <height>90</height>
        <texturefocus border="81,20,20,20">dialogs/keyboard/backspacefocus.png</texturefocus>
        <texturenofocus border="81,20,20,20">dialogs/keyboard/backspacenofocus.png</texturenofocus>
    </include>
    <include name="ShiftKey">
        <width>199</width>
        <height>90</height>
        <texturefocus>dialogs/keyboard/shiftfocus.png</texturefocus>
        <texturenofocus>dialogs/keyboard/shiftnofocus.png</texturenofocus>
    </include>
    <include name="CapsKey">
        <width>199</width>
        <height>90</height>
        <texturefocus>dialogs/keyboard/capsfocus.png</texturefocus>
        <texturenofocus>dialogs/keyboard/capsnofocus.png</texturenofocus>
    </include>
    <include name="MediumKeyLarr">
        <width>104</width>
        <height>90</height>
        <texturefocus>dialogs/keyboard/mediumkeylarrfocus.png</texturefocus>
        <texturenofocus>dialogs/keyboard/mediumkeylarrnofocus.png</texturenofocus>
    </include>
    <include name="MediumKeyRarr">
        <width>104</width>
        <height>90</height>
        <texturefocus>dialogs/keyboard/mediumkeyrarrfocus.png</texturefocus>
        <texturenofocus>dialogs/keyboard/mediumkeyrarrnofocus.png</texturenofocus>
    </include>
    <include name="DoubleKeyDone">
        <width>171</width>
        <height>90</height>
        <align>center</align>
        <font>Font-Condensed-S32</font>
        <texturefocus border="20">dialogs/keyboard/donefocus.png</texturefocus>
        <texturenofocus border="20">dialogs/keyboard/donenofocus.png</texturenofocus>
        <textcolor>eewhite</textcolor>
        <focusedcolor>eewhite</focusedcolor>
        <selectedcolor>red</selectedcolor>
    </include>
    <include name="DoubleKeyCancel">
        <width>171</width>
        <height>90</height>
        <aligny>top</aligny>
        <textoffsety>23</textoffsety>
        <font>Font-Condensed-S32</font>
        <texturefocus border="20">dialogs/keyboard/cancelfocus.png</texturefocus>
        <texturenofocus border="20">dialogs/keyboard/key-nf.png</texturenofocus>
        <textcolor>KeyboardGrey</textcolor>
        <focusedcolor>eewhite</focusedcolor>
        <selectedcolor>red</selectedcolor>
    </include>
</includes>