<window>
    <allowoverlay>no</allowoverlay>
    <controls>
        <control type="label" id="200">
            <description>Scraper label</description>
            <visible>false</visible>
        </control>
        <control type="spincontrol" id="101">
            <posx>-100</posx>
            <posy>-100</posy>
            <visible>false</visible>
        </control>
        <control type="spincontrol" id="111">
            <posx>-100</posx>
            <posy>-100</posy>
            <visible>false</visible>
        </control>
        <control type="spincontrol" id="121">
            <posx>-100</posx>
            <posy>-100</posy>
            <visible>false</visible>
        </control>
        <control type="image">
            <description>media info background image</description>
            <posx>-100</posx>
            <posy>209</posy>
            <width>2120</width>
            <height>662</height>
            <texture border="43,42,43,42">osd/fullscreen/back-codec.png</texture>
            <bordertexture border="43,42,43,42">osd/fullscreen/back-codec.png</bordertexture>
            <aspectratio>stretch</aspectratio>
            <animation type="WindowOpen">
                <effect type="fade" start="0" end="100" tween="sine" easing="inout" time="250" />
                <effect type="zoom" start="-100,0,2120,112" end="-100,209,2120,662" time="250" tween="quadratic" easing="out" />
            </animation>
            <animation type="WindowClose">
                <effect type="fade" start="100" end="0" tween="sine" easing="inout" time="250" />
                <effect type="slide" start="0,0" end="0,-600" time="300" tween="quadratic" easing="out" />
            </animation>
            <animation effect="slide" start="0,0" end="0,-209" time="300" tween="cubic" easing="inout" condition="[Player.ShowInfo | Player.Paused] + !Window.IsActive(musicosd)">Conditional</animation>
        </control>
        <control type="group">
            <animation type="WindowOpen">
                <effect type="fade" start="0" end="100" tween="sine" easing="inout" time="250" />
                <effect type="slide" start="0,0" end="0,209" time="250" tween="quadratic" easing="out" />
            </animation>
            <animation type="WindowClose">
                <effect type="fade" start="100" end="0" tween="sine" easing="inout" time="250" />
                <effect type="slide" start="0,0" end="0,-600" time="300" tween="quadratic" easing="out" />
            </animation>
            <animation effect="slide" start="0,0" end="0,-209" time="300" tween="cubic" easing="inout" condition="[Player.ShowInfo | Player.Paused] + !Window.IsActive(musicosd)">Conditional</animation>
            <control type="textbox" id="100">
        		<description>textarea</description>
        		<posx>100</posx>
        		<posy>59</posy>
        		<width>1720</width>
        		<height>544</height>
        		<autoscroll time="2000" delay="10000" repeat="10000">!Control.HasFocus(101)</autoscroll>
        		<pagecontrol>102</pagecontrol>
        		<font>Font-Condensed-S50</font>
        		<textcolor>aawhite</textcolor>
        		<align>center</align>
        	</control>
        	<control type="image">
        	    <description>Scrollbar background</description>
        	    <posx>1830</posx>
        	    <posy>59</posy>
        	    <width>6</width>
        	    <height>544</height>
        	    <texture border="1">views/other/scrollbar-sq.png</texture>
        	    <visible>Control.IsVisible(102) | Control.IsVisible(112) | Control.IsVisible(122)</visible>
        	    <animation effect="fade" start="40" end="20" time="300" tween="sine" easing="inout" condition="!Control.HasFocus(102) + !Control.HasFocus(112) + !Control.HasFocus(122)">Conditional</animation>
        	</control>
        	<control type="scrollbar" id="102">
        	    <description>Scrollbar</description>
        	    <posx>1830</posx>
        	    <posy>59</posy>
        	    <width>6</width>
        	    <height>544</height>
        	    <onup>102</onup>
        	    <ondown>102</ondown>                  
        	    <onleft>102</onleft>
        	    <onright>102</onright>
        	    <texturesliderbar border="1">views/other/scrollbar-sq.png</texturesliderbar>
        	    <texturesliderbarfocus border="1">views/other/scrollbar-sq.png</texturesliderbarfocus>
        	    <orientation>vertical</orientation>
        	    <showonepage>false</showonepage>
        	    <animation effect="fade" start="85" end="50" time="300" tween="sine" easing="inout" condition="!Control.HasFocus(102)">Conditional</animation>
        	    <visible>Control.IsVisible(100)</visible>
        	</control>
        	<control type="fixedlist" id="110">
        	    <posx>100</posx>
        	    <posy>59</posy>
        	    <width>1720</width>
        	    <height>544</height>
        		<onleft>112</onleft>
        		<onright>112</onright>
        		<onup>110</onup>
        		<ondown>110</ondown>
        		<viewtype label="535">list</viewtype>
        		<pagecontrol>112</pagecontrol>
        		<scrolltime tween="cubic" easing="out">500</scrolltime>
        		<focusposition>3</focusposition>
        		<movement>4</movement>
        		<itemlayout width="1720" height="68">
        		    <control type="label">
        		        <posx>860</posx>
        				<posy>0</posy>
        				<width>1720</width>
        				<height>68</height>
        				<label fallback="•••">$INFO[ListItem.Label]</label>
        				<font>Font-Condensed-S60</font>
        				<align>center</align>
        				<textcolor>aawhite</textcolor>
        		    </control>
        		</itemlayout>
        		<focusedlayout width="1720" height="68">
        		    <control type="label">
        		        <posx>860</posx>
        		    	<posy>0</posy>
        		    	<width>1720</width>
        		    	<height>68</height>
        		    	<label fallback="•••">$INFO[ListItem.Label,[B],[/B]]</label>
        		    	<font>Font-Condensed-S60</font>
        		    	<align>center</align>
        		    	<textcolor>eewhite</textcolor>
        		    </control>
        		</focusedlayout>
        	</control>
        	<control type="scrollbar" id="112">
        	    <description>Scrollbar</description>
        	    <posx>1830</posx>
        	    <posy>59</posy>
        	    <width>6</width>
        	    <height>544</height>
        	    <onup>112</onup>
        	    <ondown>112</ondown>                  
        	    <onleft>110</onleft>
        	    <onright>110</onright>
        	    <texturesliderbar border="1">views/other/scrollbar-sq.png</texturesliderbar>
        	    <texturesliderbarfocus border="1">views/other/scrollbar-sq.png</texturesliderbarfocus>
        	    <orientation>vertical</orientation>
        	    <showonepage>false</showonepage>
        	    <animation effect="fade" start="85" end="50" time="300" tween="sine" easing="inout" condition="!Control.HasFocus(112)">Conditional</animation>
        	    <visible>Control.IsVisible(110)</visible>
        	</control>
        	<control type="fixedlist" id="120">
        	    <posx>100</posx>
        	    <posy>100</posy>
        	    <width>1720</width>
        	    <height>400</height>
        		<onleft>122</onleft>
        		<onright>122</onright>
        		<onup>120</onup>
        		<ondown>120</ondown>
        		<viewtype label="535">list</viewtype>
        		<pagecontrol>122</pagecontrol>
        		<scrolltime tween="cubic" easing="out">500</scrolltime>
        		<focusposition>3</focusposition>
        		<movement>4</movement>
        		<itemlayout height="50">
        		    <control type="label">
        		        <posx>860</posx>
        				<posy>0</posy>
        				<width>1720</width>
        				<height>50</height>
        				<label fallback="•••">$INFO[ListItem.Label]</label>
        				<font>Font-Condensed-S50</font>
        				<align>center</align>
        				<textcolor>aawhite</textcolor>
        		    </control>
        		</itemlayout>
        		<focusedlayout height="50">
        		    <control type="label">
        		        <posx>860</posx>
        		    	<posy>0</posy>
        		    	<width>1720</width>
        		    	<height>50</height>
        		    	<label fallback="•••">$INFO[ListItem.Label]</label>
        		    	<font>Font-Condensed-S50-B</font>
        		    	<align>center</align>
        		    	<textcolor>eewhite</textcolor>
        		    </control>
        		</focusedlayout>
        	</control>
        	<control type="scrollbar" id="122">
        	    <description>Scrollbar</description>
        	    <posx>1830</posx>
        	    <posy>59</posy>
        	    <width>6</width>
        	    <height>544</height>
        	    <onup>122</onup>
        	    <ondown>122</ondown>                  
        	    <onleft>120</onleft>
        	    <onright>120</onright>
        	    <texturesliderbar border="1">views/other/scrollbar-sq.png</texturesliderbar>
        	    <texturesliderbarfocus border="1">views/other/scrollbar-sq.png</texturesliderbarfocus>
        	    <orientation>vertical</orientation>
        	    <showonepage>false</showonepage>
        	    <animation effect="fade" start="85" end="50" time="300" tween="sine" easing="inout" condition="!Control.HasFocus(122)">Conditional</animation>
        	    <visible>Control.IsVisible(120)</visible>
        	</control>
        </control>
    </controls>
</window>
