<window>
    <defaultcontrol>3</defaultcontrol>
    <allowoverlay>no</allowoverlay>
    <backgroundcolor>0</backgroundcolor>
    <controls>
        
        <include>CommonSettingsItems</include>
        <include>SettingsHeader</include>
        
        <control type="group">
            <include>OptionsShutdownAnimation</include>
            <animation type="WindowClose">
                <effect type="fade" start="100" end="0" time="300" tween="sine" easing="out" />
                <effect type="zoom" start="100" end="85" time="300" center="960,600" tween="sine" easing="out" />
            </animation>
            <animation type="Visible">
                <effect type="fade" start="0" end="100" time="300" delay="300" tween="sine" easing="out" />
                <effect type="zoom" start="85" end="100" time="300" delay="300" center="960,600" tween="sine" easing="out" />
            </animation>
            <animation type="Hidden">
                <effect type="fade" start="100" end="0" time="300" tween="sine" easing="out" />
                <effect type="zoom" start="100" end="85" time="300" center="960,600" tween="sine" easing="out" />
            </animation>
            <visible>!Window.IsActive(favourites)</visible>
            <control type="group">
                <animation type="WindowOpen">
                    <effect type="slide" start="200" end="0" tween="cubic" easing="out" time="650" />
                    <effect type="fade" start="0" end="100" tween="sine" easing="inout" time="300" />
                    <effect type="zoom" start="88" end="100" center="576,560" tween="cubic" easing="out" time="400" />
                </animation>
                            
                <control type="label">
                    <description>Category</description>
                    <posx>483</posx>
                    <posy>240</posy>
                    <height>40</height>
                    <width>338</width>
                    <align>right</align>
                    <font>Font-Condensed-S25-B</font>
                    <label>[UPPERCASE]$LOCALIZE[42130][/UPPERCASE]</label>
                    <textcolor>aawhite</textcolor>
                </control>
                
                <!-- Panel -->
                <control type="image">
                    <posx>178</posx>
                    <posy>278</posy>
                    <height>613</height>
                    <width>342</width>
                    <texture border="4">views/list/panel/panel.png</texture>
                </control>
                
                <!-- Side Buttons -->
                <control type="grouplist" id="3">
                    <description>Button Area</description>
                    <posx>180</posx>
                    <posy>281</posy>
                    <width>338</width>
                    <height>609</height>
                    <itemgap>-1</itemgap>
                    <onleft>5</onleft>
                    <onright>5</onright>
                    <onup>3</onup>
                    <ondown>3</ondown>
                    <scrolltime tween="cubic" easing="out">500</scrolltime>
                    <orientation>vertical</orientation>
                </control>
            </control>
            <control type="group">
                <posx>175</posx> 
                <animation type="WindowOpen">
                    <effect type="slide" start="200" end="0" tween="cubic" easing="out" time="545" delay="75" />
                    <effect type="fade" start="0" end="100" tween="sine" easing="inout" time="300" delay="75" />
                    <effect type="zoom" start="76" end="100" center="1344,560" tween="cubic" easing="out" time="400" delay="75" /> 
                </animation>
                
                <control type="label">
                    <description>Settings info</description>
                    <posx>390</posx>
                    <posy>240</posy>
                    <height>40</height>
                    <width>338</width>
                    <align>left</align>
                    <font>Font-Condensed-S25-B</font>
                    <label>[UPPERCASE]$LOCALIZE[5][/UPPERCASE]</label>
                    <textcolor>aawhite</textcolor>
                </control>
                          
                <!-- Panel -->
                <control type="image">
                    <posx>353</posx>
                    <posy>278</posy>
                    <height>613</height>
                    <width>1214</width>
                    <texture border="4">views/list/panel/panel.png</texture>
                </control>
                <control type="image">
                    <description>Shadow</description>
                    <posx>-45</posx>
                    <posy>883</posy>
                    <width>1710</width>
                    <height>150</height>
                    <texture>windows/home/item-shadow.png</texture>
                </control>
                
                <control type="grouplist" id="5">
                    <description>Control Area</description>
                    <posx>355</posx>
                    <posy>281</posy>
                    <width>1210</width>
                    <height>609</height>
                    <itemgap>-1</itemgap>
                    <onleft>3</onleft>
                    <onright>40</onright>
                    <onup>5</onup>
                    <ondown>5</ondown>
                    <pagecontrol>40</pagecontrol>
                    <scrolltime tween="cubic" easing="out">500</scrolltime>
                    <orientation>vertical</orientation>
                </control>
                
                <control type="image" id="42">
                    <animation effect="fade" start="100" end="0" time="0" delay="1500">WindowOpen</animation>
                </control>
                <control type="image" id="41">
                    <animation effect="fade" start="0" end="100" time="0">Visible</animation>
                    <animation effect="fade" start="100" end="0" time="0">Hidden</animation>
                    <visible>Control.HasFocus(40) | !Control.IsVisible(42)</visible>
                </control>
                <control type="scrollbar" id="40">
                    <posx>1559</posx>
                    <posy>281</posy>
                    <width>6</width>
                    <height>608</height>
                    <texturesliderbackground>-</texturesliderbackground>
                    <texturesliderbar border="1">views/other/scrollbar-sq.png</texturesliderbar>
                    <texturesliderbarfocus border="1">views/other/scrollbar-sq.png</texturesliderbarfocus>
                    <textureslidernib>-</textureslidernib>
                    <textureslidernibfocus>-</textureslidernibfocus>
                    <onleft>5</onleft>
                    <onright>3</onright>
                    <showonepage>false</showonepage>
                    <orientation>vertical</orientation>
                    <animation effect="fade" start="45" end="0" time="300" tween="sine" easing="inout" condition="!Control.IsVisible(41)">Conditional</animation>
                </control>
            </control>
        </control>
        
        <control type="label" id="2">
            <description>Fake Label</description>
            <posx>0</posx>
            <posy>0</posy>
            <width>0</width>
            <height>0</height>
            <font>-</font>
            <visible>false</visible>
        </control>
        <control type="button" id="7">
            <description>Default Button</description>
            <height>77</height>
            <align>left</align>
            <aligny>center</aligny>
            <texturefocus border="150,3,150,3">windows/settings/images/right-focus.png</texturefocus>
            <texturenofocus border="90,3,90,3">views/list/other/separator.png</texturenofocus>
            <textcolor>96FFFFFF</textcolor>
            <focusedcolor>white</focusedcolor>
            <disabledcolor>40FFFFFF</disabledcolor>
            <font>Font-Condensed-S30-B</font>
            <textoffsetx>35</textoffsetx>
        </control>
        <control type="radiobutton" id="8">
            <description>Default Radio Button</description>
            <height>77</height>
            <radioposx>1087</radioposx>
            <align>left</align>
            <aligny>center</aligny>
            <texturefocus border="150,3,150,3">windows/settings/images/right-focus.png</texturefocus>
            <texturenofocus border="90,3,90,3">views/list/other/separator.png</texturenofocus>
            <textcolor>96FFFFFF</textcolor>
            <focusedcolor>white</focusedcolor>
            <disabledcolor>40FFFFFF</disabledcolor>
            <font>Font-Condensed-S30-B</font>
            <textoffsetx>35</textoffsetx>
        </control>
        <control type="spincontrolex" id="9">
            <description>Default Spin Control</description>
            <height>77</height>
            <spinposx>33</spinposx>
            <align>left</align>
            <aligny>center</aligny>
            <texturefocus border="150,3,150,3">windows/settings/images/right-focus.png</texturefocus>
            <texturenofocus border="90,3,90,3">views/list/other/separator.png</texturenofocus>
            <textcolor>96FFFFFF</textcolor>
            <focusedcolor>white</focusedcolor>
            <disabledcolor>40FFFFFF</disabledcolor>
            <font>Font-Condensed-S30-B</font>
            <textoffsetx>35</textoffsetx>
        </control>
        <control type="button" id="10">
            <description>Default Category Button</description>
            <include>SettingsCategoryButtonVars</include>
        </control>
        
        <include>Common-Info-NoOptions</include>
    </controls>
</window>