<window>
    <defaultcontrol always="true">8001</defaultcontrol>
    <allowoverlay>no</allowoverlay>
    <controls>
        <control type="group">
            <animation type="WindowOpen" condition="Window.IsVisible(smartplaylisteditor)" reversible="false">
                <effect type="fade" start="0" end="100" time="0" delay="310" />
            </animation>
            <control type="group">
                <include>KeyboardAnimations</include>
                <include>OptionsShutdownAnimation</include>
                <visible>!Window.IsVisible(virtualkeyboard) + !Window.IsVisible(selectdialog) + !Window.IsVisible(filebrowser)</visible>
                <control type="image">
                    <posx>920</posx>
                    <posy>419</posy>
                    <width>80</width>
                    <height>60</height>
                    <texture>dialogs/default/arrow.png</texture>
                </control>
                <control type="image">
                    <posx>445</posx>
                    <posy>439</posy>
                    <width>1030</width>
                    <height>202</height>
                    <texture border="39">dialogs/default/bg.png</texture>
                </control>
                <control type="label">
                    <description>Heading</description>
                    <posx>473</posx>
                    <posy>391</posy>
                    <width>974</width>
                    <font>Font-Condensed-S34</font>
                    <label>$LOCALIZE[21421]</label>
                    <textcolor>ddwhite</textcolor>
                    <align>center</align>
                </control>
                <control type="group" id="8001">
                    <posx>479</posx>
                    <posy>473</posy>
                    <control type="image">
                    	<posx>0</posx>
                    	<posy>0</posy>
                    	<width>474</width>
                    	<height>61</height>
                    	<texture border="5">dialogs/default/inner.png</texture>
                    </control>
                    <control type="spincontrolex" id="15">
                        <description>Set Playlist type</description>
                        <posx>0</posx>
                        <posy>0</posy>
                        <width>474</width>
                        <label>-</label>
                        <textureup>buttons/spinctrl/arrow-light-up-nf.png</textureup>
                        <texturedown>buttons/spinctrl/arrow-light-down-nf.png</texturedown>
                        <textureupfocus>buttons/spinctrl/arrow-light-up-fo.png</textureupfocus>
                        <texturedownfocus>buttons/spinctrl/arrow-light-down-fo.png</texturedownfocus>
                        <texturefocus border="2">dialogs/default/highlight.png</texturefocus>
                        <textcolor>FF585858</textcolor>
                        <focusedcolor>eewhite</focusedcolor>
                        <disabledcolor>77585858</disabledcolor>
                        <shadowcolor>20FFFFFF</shadowcolor>
                        <textoffsetx>20</textoffsetx>
                        <spinposx>16</spinposx>
                        <onup>8000</onup>
                        <ondown>8002</ondown>
                        <onleft>16</onleft>
                        <onright>16</onright>
                    </control>
                    <control type="image">
                    	<posx>488</posx>
                    	<posy>0</posy>
                    	<width>474</width>
                    	<height>61</height>
                    	<texture border="5">dialogs/default/inner.png</texture>
                    </control>
                    <control type="spincontrolex" id="16">
                        <description>Set Playlist type</description>
                        <posx>488</posx>
                        <posy>0</posy>
                        <width>474</width>
                        <label>-</label>
                        <textureup>buttons/spinctrl/arrow-light-up-nf.png</textureup>
                        <texturedown>buttons/spinctrl/arrow-light-down-nf.png</texturedown>
                        <textureupfocus>buttons/spinctrl/arrow-light-up-fo.png</textureupfocus>
                        <texturedownfocus>buttons/spinctrl/arrow-light-down-fo.png</texturedownfocus>
                        <texturefocus border="2">dialogs/default/highlight.png</texturefocus>
                        <textcolor>FF585858</textcolor>
                        <focusedcolor>eewhite</focusedcolor>
                        <disabledcolor>77585858</disabledcolor>
                        <shadowcolor>20FFFFFF</shadowcolor>
                        <textoffsetx>20</textoffsetx>
                        <spinposx>16</spinposx>
                        <onup>8000</onup>
                        <ondown>8002</ondown>
                        <onleft>15</onleft>
                        <onright>15</onright>
                    </control>
                </control>
                <control type="group" id="8002">
                    <posx>479</posx>
                    <posy>547</posy>
                    <control type="image">
                    	<posx>0</posx>
                    	<posy>0</posy>
                    	<width>690</width>
                    	<height>61</height>
                    	<texture border="5">dialogs/default/inner.png</texture>
                    </control>
                    <control type="button" id="17">
                        <description>Name Button</description>
                        <posx>0</posx>
                        <posy>0</posy>
                        <width>638</width>
                        <height>60</height>
                        <align>left</align>
                        <textoffsetx>20</textoffsetx>
                        <textcolor>FF585858</textcolor>
                        <focusedcolor>eewhite</focusedcolor>
                        <disabledcolor>FF585858</disabledcolor>
                        <shadowcolor>20FFFFFF</shadowcolor>
                        <font>Font-Condensed-S32</font>
                        <pulseonselect>false</pulseonselect>
                        <texturefocus border="2">dialogs/default/highlight.png</texturefocus>
                        <onup>8001</onup>
                        <onleft>20</onleft>
                        <onright>20</onright>
                        <ondown>8000</ondown>
                        <animation effect="fade" start="100" end="50" time="0" condition="!Control.IsEnabled(17)" reversible="false">Conditional</animation>
                    </control>
                    <control type="image">
                    	<posx>704</posx>
                    	<posy>0</posy>
                    	<width>258</width>
                    	<height>61</height>
                    	<texture border="5">dialogs/default/inner.png</texture>
                    </control>
                    <control type="image">
                        <posx>617</posx>
                        <posy>0</posy>
                        <width>74</width>
                        <height>60</height>
                        <texture>dialogs/mediasource/keyboard-nf.png</texture>
                        <visible>!Control.HasFocus(17)</visible>
                    </control>
                    <control type="image">
                        <posx>617</posx>
                        <posy>0</posy>
                        <width>74</width>
                        <height>60</height>
                        <texture>dialogs/mediasource/keyboard-fo.png</texture>
                        <visible>Control.HasFocus(17)</visible>
                    </control>
                    <control type="button" id="20">
                        <posx>704</posx>
                        <posy>0</posy>
                        <width>258</width>
                        <height>60</height> 
                        <texturefocus border="54,2,2,2">dialogs/mediasource/browse-fo.png</texturefocus>
                        <texturenofocus>dialogs/mediasource/browse-nf.png</texturenofocus>
                        <textcolor>FF585858</textcolor>
                        <focusedcolor>eewhite</focusedcolor>
                        <disabledcolor>FF585858</disabledcolor>
                        <shadowcolor>20FFFFFF</shadowcolor>
                        <align>left</align>
                        <font>Font-Condensed-S32</font>
                        <textoffsetx>60</textoffsetx>
                        <label>$LOCALIZE[1024]</label>
                        <onright>17</onright>
                        <onleft>17</onleft>
                        <onup>8001</onup>
                        <ondown>8000</ondown>
                        <animation effect="fade" start="100" end="50" time="0" condition="!Control.IsEnabled(20)" reversible="false">Conditional</animation>
                    </control>
                </control>
                <control type="group" id="8000">
                    <posx>466</posx>
                    <posy>603</posy>
                    <control type="button" id="18">
                        <description>Select</description>
                        <label>$LOCALIZE[42000]</label>
                        <texturefocus>buttons/select-fo.png</texturefocus>
                        <texturenofocus>buttons/select-nf.png</texturenofocus>
                        <include>DialogButtonDimensions</include>
                        <onleft>19</onleft>
                        <onright>19</onright>
                        <onup>8002</onup>
                        <ondown>8001</ondown>
                        <animation effect="fade" start="100" end="75" time="0" condition="!Control.IsEnabled(18)">Conditional</animation>
                    </control>
                    <control type="button" id="19">
                        <posx>200</posx>
                        <description>Cancel</description>
                        <label>$LOCALIZE[42001]</label>
                        <texturefocus>buttons/cancel-fo.png</texturefocus>
                        <texturenofocus>buttons/cancel-nf.png</texturenofocus>
                        <include>DialogButtonDimensions</include>
                        <onleft>18</onleft>
                        <onright>18</onright>
                        <onup>8002</onup>
                        <ondown>8001</ondown>
                        <animation effect="fade" start="100" end="75" time="0" condition="!Control.IsEnabled(19)">Conditional</animation>
                    </control>
                </control>
            </control>
        </control>
    </controls>
</window>