<window id="600">
	<defaultcontrol>32</defaultcontrol>
	<allowoverlay>no</allowoverlay>
	<controls>
	    <include>CommonPVRItems</include>
        <include>PVRHeader</include>
        
        <control type="group">
            <posx>0</posx>
            <animation type="WindowClose">
                <effect type="fade" start="100" end="0" time="300" tween="sine" easing="out" />
                <effect type="zoom" start="100" end="85" time="300" center="960,600" tween="sine" easing="out" />
            </animation>
            <include>PVRViews</include>
            <control type="group" id="9001">
                <posx>100</posx>
                <posy>218</posy>
                <onup>50</onup>
                <ondown>50</ondown>
                <orientation>horizontal</orientation>
                <visible allowhiddenfocus="true">ControlGroup(9001).HasFocus</visible>
                <animation type="WindowOpen">
                    <effect type="slide" start="200" end="0" tween="cubic" easing="out" time="650" />
                    <effect type="fade" start="0" end="100" tween="sine" easing="inout" time="300" />
                    <effect type="zoom" start="90" end="100" center="229,438" tween="cubic" easing="out" time="400" />
                </animation>
                <animation type="Visible">
                    <effect type="fade" start="50" end="100" time="400"  tween="sine" easing="inout" />
                    <effect type="slide" start="-650" end="0" time="400" tween="sine" easing="inout" />
                </animation>
                <animation type="Hidden">
                    <effect type="slide" start="0" end="-650" time="400" tween="sine" easing="inout" />
                </animation>
                <include>listEndAnimation</include>
                <control type="label">
                	<posx>18</posx>
                	<posy>-38</posy>
                	<width>200</width>
                	<height>30</height>
                	<font>Font-Condensed-S30-B</font>
                	<textcolor>99FFFFFF</textcolor>
                	<shadowcolor>55000000</shadowcolor>
                	<align>left</align>
                	<aligny>center</aligny>
                	<label>$LOCALIZE[33061]</label>
                </control>
                <control type="image">
                    <description>Panel</description>
                    <posx>-2</posx>
                    <posy>-3</posy>
                    <width>462</width>
                    <height>676</height>
                    <texture border="3">views/list/panel/panel.png</texture>
                </control>
                <control type="image">
                    <description>Shadow</description>
                    <posx>57</posx>
                    <posy>883</posy>
                    <width>544</width>
                    <height>150</height>
                    <texture>windows/home/item-shadow.png</texture>
                </control>
                <control type="image">
                    <posx>0</posx>
                    <posy>0</posy>
                    <width>458</width>
                    <height>111</height>
                    <texture border="150,1,150,1">views/other/focus.png</texture>
                    <animation effect="slide" end="0,112" time="0" condition="ControlGroup(9001).HasFocus(33)">Conditional</animation>
                    <animation effect="slide" end="0,224" time="0" condition="ControlGroup(9001).HasFocus(31)">Conditional</animation>
                    <animation effect="slide" end="0,336" time="0" condition="ControlGroup(9001).HasFocus(34)">Conditional</animation>
                    <animation effect="slide" end="0,448" time="0" condition="ControlGroup(9001).HasFocus(35)">Conditional</animation>
                    <animation effect="slide" end="0,560" time="0" condition="ControlGroup(9001).HasFocus(36)">Conditional</animation>
                    <animation effect="slide" start="0,-112" end="0,0" time="300" tween="back" easing="out" condition="IsEmpty(Window.Property(Movement)) + ControlGroup(9001).HasFocus(32)" reversible="false">Conditional</animation>
                    <animation effect="slide" start="0,112" end="0,0" time="300" tween="back" easing="out" condition="!IsEmpty(Window.Property(Movement)) + ControlGroup(9001).HasFocus(32)" reversible="false">Conditional</animation>
                    <animation effect="slide" start="0,-112" end="0,0" time="300" tween="back" easing="out" condition="IsEmpty(Window.Property(Movement)) + ControlGroup(9001).HasFocus(33)" reversible="false">Conditional</animation>
                    <animation effect="slide" start="0,112" end="0,0" time="300" tween="back" easing="out" condition="!IsEmpty(Window.Property(Movement)) + ControlGroup(9001).HasFocus(33)" reversible="false">Conditional</animation>
                    <animation effect="slide" start="0,-112" end="0,0" time="300" tween="back" easing="out" condition="IsEmpty(Window.Property(Movement)) + ControlGroup(9001).HasFocus(31)" reversible="false">Conditional</animation>
                    <animation effect="slide" start="0,112" end="0,0" time="300" tween="back" easing="out" condition="!IsEmpty(Window.Property(Movement)) + ControlGroup(9001).HasFocus(31)" reversible="false">Conditional</animation>
                    <animation effect="slide" start="0,-112" end="0,0" time="300" tween="back" easing="out" condition="IsEmpty(Window.Property(Movement)) + ControlGroup(9001).HasFocus(34)" reversible="false">Conditional</animation>
                    <animation effect="slide" start="0,112" end="0,0" time="300" tween="back" easing="out" condition="!IsEmpty(Window.Property(Movement)) + ControlGroup(9001).HasFocus(34)" reversible="false">Conditional</animation>
                    <animation effect="slide" start="0,-112" end="0,0" time="300" tween="back" easing="out" condition="IsEmpty(Window.Property(Movement)) + ControlGroup(9001).HasFocus(35)" reversible="false">Conditional</animation>
                    <animation effect="slide" start="0,112" end="0,0" time="300" tween="back" easing="out" condition="!IsEmpty(Window.Property(Movement)) + ControlGroup(9001).HasFocus(35)" reversible="false">Conditional</animation>
                    <animation effect="slide" start="0,-112" end="0,0" time="300" tween="back" easing="out" condition="IsEmpty(Window.Property(Movement)) + ControlGroup(9001).HasFocus(36)" reversible="false">Conditional</animation>
                    <animation effect="slide" start="0,112" end="0,0" time="300" tween="back" easing="out" condition="!IsEmpty(Window.Property(Movement)) + ControlGroup(9001).HasFocus(36)" reversible="false">Conditional</animation>
                    <animation effect="fade" start="100" end="0" time="300" tween="sine" easing="inout" condition="!ControlGroup(9001).HasFocus">Conditional</animation>
                </control>
                <control type="button" id="32">
                	<description>TV Channels</description>
                	<posy>0</posy>
                	<include>PVRMenuButtonVars</include>
                	<texturefocus>windows/pvr/icons/channels-fo.png</texturefocus>
                	<texturenofocus>windows/pvr/icons/channels-nf.png</texturenofocus>
                	<label>$LOCALIZE[19023]</label>
                	<onup>SetProperty(Movement,1)</onup>
                	<onup>36</onup>
                	<ondown>ClearProperty(Movement)</ondown>
                	<ondown>33</ondown>
                	<onleft condition="!Window.IsVisible(3008)">SetProperty(BounceLeft,1,Home)</onleft>
                	<onright>11</onright>
                </control>
                <control type="button" id="33">
                	<description>Radio Channels</description>
                	<posy>112</posy>
                	<include>PVRMenuButtonVars</include>
                	<texturefocus>windows/pvr/icons/radio-fo.png</texturefocus>
                	<texturenofocus>windows/pvr/icons/radio-nf.png</texturenofocus>
                	<label>$LOCALIZE[19024]</label>
                	<onup>SetProperty(Movement,1)</onup>
                	<onup>32</onup>
                	<ondown>ClearProperty(Movement)</ondown>
                	<ondown>31</ondown>
                	<onleft condition="!Window.IsVisible(3008)">SetProperty(BounceLeft,1,Home)</onleft>
                	<onright>12</onright>
                </control>
                <control type="button" id="31">
                	<description>TV Guide</description>
                	<posy>224</posy>
                	<include>PVRMenuButtonVars</include>
                	<texturefocus>windows/pvr/icons/epg-fo.png</texturefocus>
                	<texturenofocus>windows/pvr/icons/epg-nf.png</texturenofocus>
                	<label>$LOCALIZE[19222]: $LOCALIZE[19030]</label>
                	<onup>SetProperty(Movement,1)</onup>
                	<onup>33</onup>
                	<ondown>ClearProperty(Movement)</ondown>
                	<ondown>34</ondown>
                	<onleft condition="!Window.IsVisible(3008)">SetProperty(BounceLeft,1,Home)</onleft>
                	<onclick condition="!Pvr.IsPlayingTv + Control.IsVisible(15)">Action(select)</onclick>
                	<onright condition="Control.IsVisible(10)">10</onright>
                	<onright condition="Control.IsVisible(15)">15</onright>
                	<onright condition="Control.IsVisible(16)">16</onright>
                </control>
                <control type="button" id="34">
                	<description>Recordings</description>
                	<posy>336</posy>
                	<include>PVRMenuButtonVars</include>
                	<texturefocus>windows/pvr/icons/recordings-fo.png</texturefocus>
                	<texturenofocus>windows/pvr/icons/recordings-nf.png</texturenofocus>
                	<label>$LOCALIZE[19163]</label>
                	<onup>SetProperty(Movement,1)</onup>
                	<onup>31</onup>
                	<ondown>ClearProperty(Movement)</ondown>
                	<ondown>35</ondown>
                	<onleft condition="!Window.IsVisible(3008)">SetProperty(BounceLeft,1,Home)</onleft>
                	<onright>13</onright>
                </control>
                <control type="button" id="35">
                	<description>Timers</description>
                	<posy>448</posy>
                	<include>PVRMenuButtonVars</include>
                	<texturefocus>windows/pvr/icons/timers-fo.png</texturefocus>
                	<texturenofocus>windows/pvr/icons/timers-nf.png</texturenofocus>
                	<label>$LOCALIZE[19040]</label>
                	<onup>SetProperty(Movement,1)</onup>
                	<onup>34</onup>
                	<ondown>ClearProperty(Movement)</ondown>
                	<ondown>36</ondown>
                	<onleft condition="!Window.IsVisible(3008)">SetProperty(BounceLeft,1,Home)</onleft>
                	<onright>14</onright>
                </control>
                <control type="button" id="36">
                	<description>Search</description>
                	<posy>560</posy>
                	<include>PVRMenuButtonVars</include>
                	<texturefocus>windows/pvr/icons/search-fo.png</texturefocus>
                	<texturenofocus>windows/pvr/icons/search-nf.png</texturenofocus>
                	<label>$LOCALIZE[137]</label>
                	<onup>SetProperty(Movement,1)</onup>
                	<onup>35</onup>
                	<ondown>ClearProperty(Movement)</ondown>
                	<ondown>32</ondown>
                	<onleft condition="!Window.IsVisible(3008)">SetProperty(BounceLeft,1,Home)</onleft>
                	<onright>17</onright>
                </control>
            </control>
        </control>
        
        <control type="label" id="29">
        	<description>Empty so we can pass the values up one level</description>
        	<visible>False</visible>
        </control>
        <control type="label" id="30">
        	<description>Empty so we can pass the values up one level</description>
        	<visible>False</visible>
        </control>
        
        <!-- Scrollbar visibility controls -->
        <control type="image" id="9773">
            <animation effect="fade" start="100" end="0" time="0" delay="1500">WindowOpen</animation>
        </control>
        <control type="image" id="9772">
            <animation effect="fade" start="0" end="100" time="0">Visible</animation>
            <animation effect="fade" start="100" end="0" time="0">Hidden</animation>
            <visible>Control.HasFocus(70) | !Control.IsVisible(9773)</visible>
        </control>
        <control type="image" id="9772">
            <animation effect="fade" start="0" end="100" time="0">Visible</animation>
            <animation effect="fade" start="100" end="0" time="0" delay="1500">Hidden</animation>
            <visible>!Control.HasFocus(70) + [[Container(10).Scrolling | Container(10).OnScrollNext | Container(10).OnScrollPrevious] | [Container(11).Scrolling | Container(11).OnScrollNext | Container(11).OnScrollPrevious] | [Container(12).Scrolling | Container(12).OnScrollNext | Container(12).OnScrollPrevious] | [Container(13).Scrolling | Container(13).OnScrollNext | Container(13).OnScrollPrevious] | [Container(14).Scrolling | Container(14).OnScrollNext | Container(14).OnScrollPrevious] | [Container(15).Scrolling | Container(15).OnScrollNext | Container(15).OnScrollPrevious] | [Container(16).Scrolling | Container(16).OnScrollNext | Container(16).OnScrollPrevious] | [Container(17).Scrolling | Container(17).OnScrollNext | Container(17).OnScrollPrevious]]</visible>
        </control>
        
        <include>Common-Info</include>
	</controls>
</window>
