<window>
    <defaultcontrol>-</defaultcontrol>
    <controls>
        <include condition="StringCompare(Window(Home).Property(search_list),111) | StringCompare(Window(Home).Property(search_list),121) | StringCompare(Window(Home).Property(search_list),131) | StringCompare(Window(Home).Property(search_list),141) | StringCompare(Window(Home).Property(search_list),151)">GlobalSearchInfoVideo</include>
        <include condition="StringCompare(Window(Home).Property(search_list),161) | StringCompare(Window(Home).Property(search_list),171) | StringCompare(Window(Home).Property(search_list),181)">GlobalSearchInfoAudio</include>
        
        <control type="button" id="1110">
            <onleft condition="!Window.IsVisible(3008)">SetProperty(BounceLeft,1,Home)</onleft>
            <onright>9333</onright>
        </control>
        
        <control type="list" id="100">
            <posx>-10</posx>
            <posy>-10</posy>
            <width>1</width>
            <height>1</height>
            <visible>false</visible>
            <itemlayout width="1" height="1"/>
            <focusedlayout width="1" height="1"/>
        </control>
        
        <control type="button" id="110"></control>
        <control type="button" id="120"></control>
        <control type="button" id="130"></control>
        <control type="button" id="140"></control>
        <control type="button" id="150"></control>
        <control type="button" id="160"></control>
        <control type="button" id="170"></control>
        <control type="button" id="180"></control>
    </controls>
</window>
