<window>
    <defaultcontrol>-</defaultcontrol>
    <controls>
        <!-- codec info -->
        <control type="group" id="0">
            <control type="image">
                <description>media info background image</description>
                <posx>-100</posx>
                <posy>-30</posy>
                <width>2120</width>
                <height>270</height>
                <texture border="43,42,43,42">osd/fullscreen/back-codec.png</texture>
                <aspectratio>stretch</aspectratio>
            </control>
            <control type="label" id="10">
                <description>row 1 label</description>
                <posx>130</posx>
                <posy>10</posy>
                <width>1660</width>
                <height>54</height>
                <textcolor>bbwhite</textcolor>
                <font>Font-Condensed-S34</font>
                <label>-</label>
            </control>
            <control type="label" id="11">
                <description>row 2 label</description>
                <posx>130</posx>
                <posy>60</posy>
                <width>1660</width>
                <height>54</height>
                <textcolor>bbwhite</textcolor>
                <font>Font-Condensed-S34</font>
                <label>-</label>
            </control>
            <control type="label" id="12">
                <description>row 3 label</description>
                <posx>130</posx>
                <posy>110</posy>
                <width>1660</width>
                <height>98</height>
                <textcolor>bbwhite</textcolor>
                <font>Font-Condensed-S34</font>
                <label>-</label>
            </control>
        </control>
        <!-- Live TV signal info -->
        <control type="group">
    		<visible>Player.ShowCodec + VideoPlayer.Content(LiveTV) + system.getbool(pvrplayback.signalquality)</visible>
    		<posy>224</posy>
    		<control type="image">
    		    <description>media info background image</description>
    		    <posx>-100</posx>
    		    <posy>-22</posy>
    		    <width>2120</width>
    		    <height>480</height>
    		    <texture border="43,42,43,42">osd/fullscreen/back-codec.png</texture>
    		    <aspectratio>stretch</aspectratio>
    		</control>
    		<control type="label">
    			<description>Header</description>
    			<posx>130</posx>
    			<posy>0</posy>
    			<width>1200</width>
    			<height>80</height>
    			<label>$LOCALIZE[19005]</label>
    			<textcolor>ddwhite</textcolor>
    			<font>Font-Condensed-S40-B</font>
    			<scroll>false</scroll>
    		</control>
    		<control type="label">
    			<description>Backend</description>
    			<posx>130</posx>
    			<posy>64</posy>
    			<width>250</width>
    			<height>54</height>
    			<label>$LOCALIZE[19012]:</label>
    			<textcolor>77white</textcolor>
    			<font>Font-Condensed-S34</font>
    			<scroll>false</scroll>
    		</control>
    		<control type="label">
    			<description>Backend value</description>
    			<posx>380</posx>
    			<posy>64</posy>
    			<width>1410</width>
    			<height>54</height>
    			<label>$INFO[PVR.ActStreamClient]</label>
    			<textcolor>aawhite</textcolor>
    			<font>Font-Condensed-S34</font>
    			<scroll>false</scroll>
    		</control>
    		<control type="label">
    			<description>Device</description>
    			<posx>130</posx>
    			<posy>108</posy>
    			<width>250</width>
    			<height>54</height>
    			<label>$LOCALIZE[19006]:</label>
    			<textcolor>77white</textcolor>
    			<font>Font-Condensed-S34</font>
    			<scroll>false</scroll>
    		</control>
    		<control type="label">
    			<description>Device value</description>
    			<posx>380</posx>
    			<posy>108</posy>
    			<width>1410</width>
    			<height>54</height>
    			<label>$INFO[PVR.ActStreamDevice]</label>
    			<textcolor>aawhite</textcolor>
    			<font>Font-Condensed-S34</font>
    			<scroll>false</scroll>
    		</control>
    		<control type="label">
    			<description>Status</description>
    			<posx>130</posx>
    			<posy>152</posy>
    			<width>250</width>
    			<height>54</height>
    			<label>$LOCALIZE[19007]:</label>
    			<textcolor>77white</textcolor>
    			<font>Font-Condensed-S34</font>
    			<scroll>false</scroll>
    		</control>
    		<control type="label">
    			<description>Status value</description>
    			<posx>380</posx>
    			<posy>152</posy>
    			<width>1410</width>
    			<height>54</height>
    			<label>$INFO[PVR.ActStreamStatus]</label>
    			<textcolor>aawhite</textcolor>
    			<font>Font-Condensed-S34</font>
    			<scroll>false</scroll>
    		</control>
    		<control type="label">
    			<description>Signal</description>
    			<posx>130</posx>
    			<posy>196</posy>
    			<width>250</width>
    			<height>54</height>
    			<label>$LOCALIZE[19008]:</label>
    			<textcolor>77white</textcolor>
    			<font>Font-Condensed-S34</font>
    			<scroll>false</scroll>
    		</control>
    		<control type="progress">
    		    <posx>380</posx>
    		    <posy>211</posy>
    		    <width>1144</width>
    		    <height>25</height>
    		    <info>PVR.ActStreamProgrSignal</info>
    		    <reveal>true</reveal>
    		    <texturebg>osd/fullscreen/progress/back.png</texturebg>
    		    <midtexture>osd/fullscreen/progress/mid.png</midtexture>
    		    <lefttexture>osd/fullscreen/progress/left.png</lefttexture>
    		    <righttexture>osd/fullscreen/progress/right.png</righttexture>
    		    <overlaytexture>-</overlaytexture>
    		</control>
    		<control type="label">
    			<description>Signal value</description>
    			<posx>1544</posx>
    			<posy>196</posy>
    			<width>246</width>
    			<height>54</height>
    			<label>$INFO[PVR.ActStreamSignal]</label>
    			<textcolor>aawhite</textcolor>
    			<font>Font-Condensed-S34</font>
    			<scroll>false</scroll>
    		</control>
    		<control type="label">
    			<description>SNR</description>
    			<posx>130</posx>
    			<posy>240</posy>
    			<width>250</width>
    			<height>54</height>
    			<label>$LOCALIZE[19009]:</label>
    			<textcolor>77white</textcolor>
    			<font>Font-Condensed-S34</font>
    			<scroll>false</scroll>
    		</control>
    		<control type="progress">
    		    <posx>380</posx>
    		    <posy>255</posy>
    		    <width>1144</width>
    		    <height>25</height>
    		    <info>PVR.ActStreamProgrSNR</info>
    		    <reveal>true</reveal>
    		    <texturebg>osd/fullscreen/progress/back.png</texturebg>
    		    <midtexture>osd/fullscreen/progress/mid.png</midtexture>
    		    <lefttexture>osd/fullscreen/progress/left.png</lefttexture>
    		    <righttexture>osd/fullscreen/progress/right.png</righttexture>
    		    <overlaytexture>-</overlaytexture>
    		</control>
    		<control type="label">
    			<description>SNR value</description>
    			<posx>1544</posx>
    			<posy>240</posy>
    			<width>246</width>
    			<height>54</height>
    			<label>$INFO[PVR.ActStreamSNR]</label>
    			<textcolor>aawhite</textcolor>
    			<font>Font-Condensed-S34</font>
    			<scroll>false</scroll>
    		</control>
    		<control type="label">
    			<description>BER</description>
    			<posx>130</posx>
    			<posy>284</posy>
    			<width>250</width>
    			<height>54</height>
    			<label>$LOCALIZE[19010]:</label>
    			<textcolor>77white</textcolor>
    			<font>Font-Condensed-S34</font>
    			<scroll>false</scroll>
    		</control>
    		<control type="label">
    			<description>BER value</description>
    			<posx>380</posx>
    			<posy>284</posy>
    			<width>1410</width>
    			<height>54</height>
    			<label>$INFO[PVR.ActStreamBER]</label>
    			<textcolor>aawhite</textcolor>
    			<font>Font-Condensed-S34</font>
    			<scroll>false</scroll>
    		</control>
    		<control type="label">
    			<description>UNC</description>
    			<posx>130</posx>
    			<posy>328</posy>
    			<width>250</width>
    			<height>54</height>
    			<label>$LOCALIZE[19011]:</label>
    			<textcolor>77white</textcolor>
    			<font>Font-Condensed-S34</font>
    			<scroll>false</scroll>
    		</control>
    		<control type="label">
    			<description>UNC value</description>
    			<posx>380</posx>
    			<posy>328</posy>
    			<width>1410</width>
    			<height>54</height>
    			<label>$INFO[PVR.ActStreamUNC]</label>
    			<textcolor>aawhite</textcolor>
    			<font>Font-Condensed-S34</font>
    			<scroll>false</scroll>
    		</control>
    		<control type="label">
    			<description>Encryption</description>
    			<posx>130</posx>
    			<posy>372</posy>
    			<width>250</width>
    			<height>54</height>
    			<label>$LOCALIZE[19015]:</label>
    			<textcolor>77white</textcolor>
    			<font>Font-Condensed-S34</font>
    			<scroll>false</scroll>
    		</control>
    		<control type="label">
    			<description>Encryption value</description>
    			<posx>380</posx>
    			<posy>372</posy>
    			<width>1410</width>
    			<height>54</height>
    			<label>$INFO[PVR.ActStreamEncryptionName]</label>
    			<textcolor>aawhite</textcolor>
    			<font>Font-Condensed-S34</font>
    			<scroll>false</scroll>
    		</control>
    	</control>
    </controls>
</window>